Topic 0:,trump,president,book,donald,new,get,rt,great,one,mike,mini,america,presidential,foxandfriends,american,debate,thank,,,,,,,,,,,,
Topic 1:,fake,news,media,amp,people,say,like,even,report,get,never,make,cnn,bad,know,story,go,much,new,would,many,rat,corrupt,watch,good,totally,want,,
Topic 2:,today,american,great,honor,people,day,america,nation,thank,god,amp,families,country,americans,women,stand,men,love,every,first,world,bless,sign,,,,,,
Topic 3:,china,trade,pay,dollars,amp,make,deal,much,countries,many,money,get,tariffs,billion,big,price,years,company,usa,far,take,new,farmers,would,world,great,want,country,
Topic 4:,democrats,nothing,amp,impeachment,president,say,call,want,nancy,never,pelosi,go,democrat,make,schiff,get,people,left,radical,party,know,hoax,house,dems,like,,,,
Topic 5:,biden,joe,vote,win,election,sleepy,would,get,state,go,amp,big,people,ballot,want,democrat,radical,left,bernie,democrats,even,take,know,fraud,republicans,,,,
Topic 6:,great,house,white,thank,foxnews,job,interview,congratulations,conference,enjoy,tonight,new,secretary,today,good,wonderful,mark,news,announce,foxandfriends,watch,respect,general,night,please,seanhannity,really,last,win
Topic 7:,great,thank,america,maga,make,see,florida,carolina,big,happy,rally,vote,soon,get,crowd,tonight,way,pennsylvania,back,love,north,keep,tomorrow,beautiful,everyone,,,,
Topic 8:,amp,great,people,state,law,help,federal,new,york,government,work,california,governor,job,mayor,enforcement,order,fund,national,police,city,safe,guard,keep,run,local,support,fast,
Topic 9:,hunt,witch,collusion,fbi,amp,mueller,russia,hillary,campaign,crooked,report,trump,democrats,clinton,comey,never,obama,justice,get,look,president,go,russian,lie,hoax,investigation,,,
Topic 10:,economy,great,ever,record,best,history,tax,number,jobs,time,year,years,market,country,amp,party,big,president,republican,come,stock,since,high,approval,american,get,trump,job,
Topic 11:,great,endorsement,total,complete,strong,vote,amendment,military,amp,vets,second,state,job,crime,congressman,big,governor,senator,love,border,people,run,need,support,fight,win,incredible,,
Topic 12:,thank,via,breitbartnews,true,gsfsghkmdm,trump,thanks,agree,promises,wow,congratulations,made,nice,gsfsgh2kpc,obamagate,kept,به,amazing,ایران,mark,read,را,truth,watcher,franklin,disgraceful,,,
Topic 13:,border,democrats,wall,security,country,want,must,people,court,get,amp,need,immigration,crime,work,republicans,mexico,southern,states,bill,build,supreme,come,illegal,stop,dems,united,would,
Topic 14:,president,united,states,meet,great,korea,good,north,many,work,iran,deal,people,china,look,make,amp,one,forward,minister,prime,trade,world,well,happen,kim,years,,
